Genes,Target Sequence,Barcode,Comment
bindspike1.1,NA,BGRYGR,BS
bindspike2.1,NA,YRBRBY,BS
bindspike3.1,NA,RBYBYB,BS
purespike1.1,NA,BRYBGY,PS
purespike2.1,NA,YGBYBG,PS
purespike3.1,NA,GBRGYB,PS
POS_A(128),TCAGGCCTTGCCCTTACTAATGGCGCGTTGTAACGGGCCTTGAGGGAATGTCACTATTGAGGCACCCGTTCGACCCTCAGAGATATACCATTCCGCCTAT,GRYBRG,RNA SPIKE
POS_B(32),ATGAAAGCGCTGCTACTATGATAAGAGTACACGTACAGGTCTCGCCCGATTGGATTATGGCGAGCTGCCGCATTGACGGACATACCTTTGAACGTAATCG,YBRGRB,RNA SPIKE
POS_C(8),GCCGCTTTCGCTCGGGTCTGCGGGTTATAGCTTTTCAGTCTCGACGGGCTAGCACACATCTGGTTGACTAGGCGCATAGTCGCCATTCACAGATTTGCTC,BYBGYB,RNA SPIKE
POS_D(2),TACCTGGCATTTGGGCACTTCTTGCGTTTAAGCGGGAAAGATCGCGAGGGCCCGCTATTTGCGATACTTCCCATGTCGGTGCCGTCGCCTCTATGTACTC,RGBYGB,RNA SPIKE
POS_E(0.5),GGTTGAATTTGAGCGGATGGGCTCAACTGCGTCGTAACCGGTAGATACAGGGCATACGAGCCTCCCTATTTAACGGCATCATCCCGCGTAGTGCTGGTCA,YGBGRY,RNA SPIKE
POS_F(0.125),ACGAAGCTGTTCGGCCGCACGCAAGTACCTCCCACTTAGAAAGCGAATAACCCAACGACCGTGTTCAACCCTGGCCGTCTCTCAACCAGGTATGCAATCA,GRYRGB,RNA SPIKE
NEG_A(0),AACCGCCGCATACGGCCGATTGTCGCAGCCCGGGTCGATTATAACAACGGTGCAATCTCAGCTAAACCGACGCAGTTTTGCTCCTTGGATTCTGAGCCCG,GBRYGY,RNA SPIKE
NEG_B(0),GCACTGGCATTGGTCGTTTCAGGAGGCCATACAGAACTGGTTTATATGAAGGAACATGGATCATTTGAAGTCATTGGGGAAACCCTTGATGATGCGGCAG,YRGBYR,RNA SPIKE
NEG_C(0),GTACAGGCTGCTGGCTCATGTTTCCTTCTACGCTGCACTTGCGGGCATAGAGGTCGGTTGCGATCTATATTCGGAGATAACTATTCACCCAGCGCCACTC,BRYRBR,RNA SPIKE
NEG_D(0),AGAGATCACGTGGACCAAAGCTGATTGATTACGGGACTGGCCGTAAGTGCTGCCCGCGAGTAGATCGTCTAGATCCGGCTAAAATTCCCTGCGGTGCCTT,BYGBYG,RNA SPIKE
NEG_E(0),CCCAGATGACCTTCTCCCTCATAATCACTTAATCTGAGCGCAGGAGGCAGGCTGTATTAATTCCGGCCTCCAACCGGACCGTGGAACGACGCGACCAAGT,GBRBYG,RNA SPIKE
NEG_F(0),GGGTCCTTACCGGCTGTAAGCTCACTACAATCCAGGTACAGAGTGCGTTAACCGGCCATTAGAGGGCCGCTACACCCGTCAGAATTTAAACGTATGGGCG,YBRYBR,RNA SPIKE
NEG_G(0),ACCCGTATGAACTGTTGCCGGCTCGGAAATGTTAAGGCTCTGCGCACGCACTTTATCATTCGCAGCCTGTTCTGTCAGCGGGTCAGCCTAGGTTACGGTG,RYGYBY,RNA SPIKE
NEG_H(0),TTGGTCCGAGGAGGCATATAGGAAACGATGGGCACGCGCTATTCAGACGTTATTTGGTATGGAGTAAGAGGCCGGAAACTGGGCTCGATTGATGGATACT,RYGRGR,RNA SPIKE
WDR19,CATTTGATAGAAAGCGAAATCTTGGATGCTCAAGAAGAACGTGAGACTCGGCTTTTCCCAGCAGTGGATGATAAGTGCCGTATCTTATGCCATGCCTTAA,BGRBYG,ENDOGENOUS
STARD3,CGCCGCACCTTCTGTCTCTTCGTCACCTTCGACCTGCTCTTCATCTCCCTGCTCTGGATCATCGAACTGAATACCAACACAGGCATCCGTAAGAACTTGG,RGRYRG,ENDOGENOUS
TSEN54,TCAAGCGGTTGTCTTACCAGAGTGGGGATGTCCCTCTGATCTTTGCCCTGGTGGATCATGGTGACATCTCCTTCTACAGCTTCAGGGACTTCACGTTGCC,RGBRGR,ENDOGENOUS
MTBP,AGTAATAGCAGGGAATCATTATCCTTGGCTGATCTCTATGAAGAAGCTGCAGAAAATTTGCATCAGCTGTCAGACAAGCTTCCTGCTCCTGGTAGAGCAA,GYGYRB,ENDOGENOUS
INTS4,TGCTTTGCAATACTTGCTCCAGTTTGCCAGGAAGCCTGTCGAGGCGGAAAGCGTAGAGGGAGTAGTCAGGATTCTCTTGGAACATTATTACAAGGAGAAT,RYRBGY,ENDOGENOUS
RFWD2,CGGCTGTGCAGATCACTGTGTCCACTACTATGATCTTCGTAACACTAAACAGCCAATCATGGTATTCAAAGGACACCGTAAAGCAGTCTCTTATGCAAAG,GYBRYG,ENDOGENOUS
TLK2,ATTCGACGATGCTTGGCCTACCGAAAGGAGGACCGCATTGATGTCCAGCAGCTGGCCTGTGATCCCTACTTGTTGCCTCACATCCGAAAGTCAGTCTCTA,RYBRGY,ENDOGENOUS
BRF2,TACCTTCAGCGACGAGGGCAATCTCCGAGAGGTAACATATTCCCGAAGCACAGGGGAAAACGAACAAGTTAGTCGCAGCCAGCAACGAGGTCTCCGGCGA,YBYRBG,ENDOGENOUS
GAB2,CAGGGAGTCAAGGACCAGCAAACCAAAGTGGATAATGGACTTTTTCATTCCTGTTTTTCTTGGCAGGAGAGAAGCAAGGCCACTAAAAGAGGAGATGGTG,BRGYGR,ENDOGENOUS
GSDMB,GATGGATGCTGGAGGGGATATGATTGCCGTTAGAAGCCTTGTTGATGCTGATAGATTCCGCTGCTTCCATCTGGTGGGGGAGAAGAGAACTTTCTTTGGA,GRGBRB,ENDOGENOUS
ASH2L,TATTCTTGGCGGAGCAAAAAGGGAACCAAGTTCCACCAGTCCATTGGCAAACACTACTCTTCTGGCTATGGACAGGGAGACGTCCTGGGATTTTATATTA,YGBGBG,ENDOGENOUS
TMEM101,ACAGGGGCTGAGCACTACAGAAGTCACATGGGTTCTCAGGGTATGCCAGGGGCAGAAACAGTACCGGCTCTCTGTCACTCACCTTGAGAGTAGAGCAGAC,RBGRBY,ENDOGENOUS
RSF1,GCAAAAAATGTGGCCTTCCAAACCATCCTGAGCTAATTCTTCTGTGTGACTCTTGCGATAGTGGATACCATACTGCCTGCCTTCGCCCTCCTCTGATGAT,GRYBGR,ENDOGENOUS
NME3,TTGGACGGGCTGCTGAACATCCACCTGTCTGGACGTTGCATGGAGGGTGGCGCAGGCCTCTCCAATCCCTGGCGTACAGGGTTTCCTGCCCGAGGAGCTG,RBGBYR,ENDOGENOUS
NOSTRIN,GACCTTTTGGAAGCGAACTCCTACAAACTGTCATCAATGTTAGCAGAACTTGAGCAAAGACCTCAACCCAGCCATCCTTGTAGTAATTCCATCTTCAGGT,YRBYBG,ENDOGENOUS
CDC45,AGCTCCCGGATGCTGCACAACCATTTTGACCTCTCAGTAATTGAGCTGAAAGCTGAGGATCGGAGCAAGTTTCTGGACGCACTTATTTCCCTCCTGTCCT,BRBGRY,ENDOGENOUS
PPM1D,CCACACTCTTGACCCTCAGAAGCACAAGTATATTATATTGGGGAGTGATGGACTTTGGAATATGATTCCACCACAAGATGCCATCTCAATGTGCCAGGAC,RYBRBR,ENDOGENOUS
EXO1,TGGCCCACAAAGTAATTAAAGCTGCCCGGTCTCAGGGGGTAGATTGCCTCGTGGCTCCCTATGAAGCTGATGCGCAGTTGGCCTATCTTAACAAAGCGGG,YBYBYR,ENDOGENOUS
PPAPDC1B,CCGGAGGAGATGTGGCTCTACCGGAACCCCTACGTGGAGGCGGAGTATTTCCCCACCAAGCCGATGTTTGTTATTGCATTTCTCTCTCCACTGTCTCTGA,GBYRYR,ENDOGENOUS
ESR1,AGGAACCAGGGAAAATGTGTAGAGGGCATGGTGGAGATCTTCGACATGCTGCTGGCTACATCATCTCGGTTCCGCATGATGAATCTGCAGGGAGAGGAGT,YRBGBG,ENDOGENOUS
LRRC14,TACAGATCACTTCTCCGTCGGTCTCTGAGAAAGCACCTGCTCCTTAAGTCTTCCTGCAACAAGTGCCACTGTTTTTAGGAACCTGGGCGTCCACATAGAC,GBYRYB,ENDOGENOUS
GSTP1,TTTTGAGACCCTGCTGTCCCAGAACCAGGGAGGCAAGACCTTCATTGTGGGAGACCAGATCTCCTTCGCTGACTACAACCTGCTGGACTTGCTGCTGATC,YBYRBR,ENDOGENOUS
AURKA,AGCTCCAGTTGGAGGTCCAAAACGTGTTCTCGTGACTCAGCAATTTCCTTGTCAGAATCCATTACCTGTAAATAGTGGCCAGGCTCAGCGGGTCTTGTGT,RBYBYR,ENDOGENOUS
RCOR3,ACAACATCGCCATCATTCTCAGCGTTCTAAGTGCCGTCCACCTAAGGGCATGTATTTAACCCAGGAAGATGTGGTAGCAGTTTCCTGTAGTCCCAATGCA,BGBGBR,ENDOGENOUS
DCAF7,TGCTGATGGCTCGGTGCGGATGTTTGACCTCCGCCATCTAGAACACAGCACCATCATTTACGAAGACCCACAGCATCACCCACTGCTTCGCCTCTGCTGG,YRYBGB,ENDOGENOUS
VPS45,CAGAACCCCAAAGTGACAGAGTTTGATGCTGCCCGCCTGGTGATGCTTTATGCTTTACATTATGAGCGACACAGCAGCAATAGCCTGCCAGGACTAATGA,GRYGBR,ENDOGENOUS
CDCA5,ACCCAGTGCGGCTGCAGTCAGAAAGCCCATCGTCTTAAAGAGGATCGTGGCCCATGCTGTAGAGGTCCCAGCTGTCCAATCACCTCGCAGGAGCCCTAGG,YRBRYG,ENDOGENOUS
AURKB,AGATGCTCTAATGTACTGCCATGGGAAGAAGGTGATTCACAGAGACATAAAGCCAGAAAATCTGCTCTTAGGGCTCAAGGGAGAGCTGAAGATTGCTGAC,RGRYGR,ENDOGENOUS
RSPH1,AGGAGTTCCGCTATGACATGGATGAGGGAAACATTAATTCTGAAGAAGAAGAAACTAGACAGTCAGACCTCCAGGACTAAGATGAAGTGAGCCGAGAGGA,BRBRYR,ENDOGENOUS
TACO1,AGTGCCAAGCAGACATTAGACATATCCTGAATAAGAATGGAGGAGTGATGGCTGTAGGAGCTCGTCACTCTTTTGACAAAAAGGGGGTGATTGTGGTTGA,BGYRYR,ENDOGENOUS
ALG8,TACCATTCCACAGATTTTGAAGTACACCGAAACTGGCTTGCTATCACTCACAGTTTGCCAATATCACAGTGGTATTATGAGGCAACTTCAGAGTGGACGT,YBYBRB,ENDOGENOUS
KIF2C,CCTGCTCTAACGGGGCGCTGATTCCAGGCAATTTATCCAAGGAAGAGGAGGAACTGTCTTCCCAGATGTCCAGCTTTAACGAAGCCATGACTCAGATCAG,BRYBRB,ENDOGENOUS
PYCRL,CTGAGGGGCCCAAGAGATGGCGTCTTGGTCATTTGCCCGCATGGTTGGGCAGTTGGTTGAGGCCATGAACAGAACTTACGGTAACAGGCACGGCTGGCCC,RGBRYR,ENDOGENOUS
INTS2,CAGAAGCCACAAATCAGCCAGTCACAGAACAGGAGATACTCAATATTTTCCAAGGAGTCATTGGGGGTGACAACATCCGCCTTAATCAGCGTTTCAGTAT,BGYRBG,ENDOGENOUS
TMEM9,TCTTGGGAATGTTGTTACCCTTGGAAGATAAAGCTGGGTCTTCAGGAACTCAGTGTCTGGGAGGAAAGCATGGCCCAGCATTCAGCATGTGTTCCTTTCT,RGRGRG,ENDOGENOUS
MRPS23,AAATCCGAACACTTGAGTGTCAGACCACAGACTGCGTTGGAAGAAAACGAGACTCAGAAAGAAGTTCCACAGGACCAGCATTTGGAGGCACCTGCAGACC,GYGBYB,ENDOGENOUS
PTDSS1,ACTGAGTCCCATGTGAGGTGCTGGTGAGTATTACCTTTCATCTGTGCCATGCTCTAGAACCTTGACCTTGATAGTTCACCACGTCTGATGGATCCCTGTT,RGBGYR,ENDOGENOUS
NOL11,TTGTCAGCAGAAGTATATAGGATACTTTCAGTGCAAGGGACAGAACCCTTGGTGCTCTTCAAGGAAGGTGCTGTTCGTGGTTTAGAGGCCTTGCTTGCAG,RGYGYB,ENDOGENOUS
RAB11FIP1,GCTGCTGGGAAAAAATTCAGTTTATAGCATTCCTGCACCTCCCAAAGTAGATAACCTGGAGGTCATTCAGTTAACAACTGTCCCTGAGGACTCAGTTTTG,BRYGBG,ENDOGENOUS
B4GALT3,CTTCCGAAGTCTCAGTGCCCTATTTGGCCGAGATCAGGGACCGACATTTGACTATTCTCACCCTCGTGATGTCTACAGTAACCTCAGTCACCTGCCTGGG,YGRGBY,ENDOGENOUS
PSAT1,TGGGGTCTCCTGGGTTCAGCGGCTGTTGATTCAAGGTCAACATTGACCATTGGAGGAGTGGTTTAAGAGTGCCAGGCGAAGGGCAAACTGTAGATCGATC,RBGBRG,ENDOGENOUS
NSMCE2,GGACGCCATTGTTCGCATGATTGAGTCCAGGCAAAAGCGGAAGAAAAAGGCCTATTGCCCTCAAATTGGCTGTAGCCACACGGATATAAGAAAGTCAGAT,RGYGBG,ENDOGENOUS
C8orf82,CGTGGACCACCAGGGCCAGCTTTTCCTGGATGATTCCAAAATGAAGAATTTCATCACCTGCTTCAAAGACCCGCAGTTCCTGGTCACCTTCTTCTCCCGC,YBGRGB,ENDOGENOUS
TAF2,ACTTCACATGACTGGAGGTTACGGTGTGGTGCTGTGGACTTGTACTTCACACTTTTTGGCCTCAGTAGACCTTCCTGTTTACCCTTGCCAGAGCTTGGGT,GBGRYB,ENDOGENOUS
CAPN8,AGATGAGGACAGCCCTCAGGAAGGCAGGTTTCACCCTCAACAGCCAGGTGCAGCAGACCATTGCCCTGCGGTATGCGTGCAGCAAGCTCGGCATCAACTT,BYRBRB,ENDOGENOUS
WDYHV1,AGCTCTGTGAATACATCAAAAACCATGACCAGTATCCTTTAGAAGAATGTTATGCTGTCTTCATATCTAATGAGAGGAAGATGATACCTATCTGGAAACA,GRYRYR,ENDOGENOUS
MRPL24,CGGGAAGCAGGGCAAAGTGGTTCAAGTTATCCGGCAGCGAAACTGGGTGGTCGTGGGAGGGCTGAACACACATTACCGCTACATTGGCAAGACCATGGAT,RYBYRB,ENDOGENOUS
CYB5D2,GTCAGCCGCTGAGATGCTGACACTTCACAATTGGCTTTCATTCTATGAGAAGAATTATGTGTGTGTTGGGAGGGTGACAGGACGGTTCTACGGAGAGGAT,YBGYRG,ENDOGENOUS
GNPAT,ATCCATGTGTACTTTGGAGATCCTGTGTCACTTCGATCTTTGGCAGCTGGGAGGATGAGTCGGAGCTCATATAACTTGGTTCCAAGATACATTCCTCAGA,BGBYGB,ENDOGENOUS
ZNF500,CAGCCTCGCCCTTCCTTTCGGCCTGGTCCCAGGTGCCCGTGAACTTGGAGGACGTGGCTGTATACCTTTCTGGGGAGGAGCCAAGATGCATGGACCCAGC,GYRGYG,ENDOGENOUS
HEXIM2,GGTGTCACTAGTTCCAGGCGTCTGCTGAAAGATTTGGAACAGAAGATGATGGCCACTCCGAACCAGACCGCCTGTAATGCAGAGTCACCAGTGGCCCTGG,GRGRYG,ENDOGENOUS
KLHDC9,CTTTGGAATGATCAGCTTTACCTGGTTGGGGGTTTTGGTGAGGATGGCAGGACAGCCAGTCCACAGGTTTGCATCCTGGACTTTATCTAAATAGTGCCAA,RYRYGY,ENDOGENOUS
ZC3H3,GCCGGTGTGCTCCTACTTCCTGAAGGGCATCTGCAGCAACAGCAACTGTCCCTATAGCCACGTGTACGTGTCCCGCAAGGCCGAGGTCTGCAGCGACTTC,YBRBYG,ENDOGENOUS
RECQL4,GCAAGCAGGCATGGAAGCAGAAGTGGCGGAAGAAAGGGGAGTGTTTTGGGGGTGGTGGTGCCACAGTCACAACCAAGGAGTCTTGTTTCCTGAACGAGCA,BRGYGB,ENDOGENOUS
TBC1D9,ACCAATAAAGACAGCACACTGCCTCCCATTCCTCACCTCCACTCCTTGCTCAGCGATGATGTGGAACCTTACCCTGAGGTAGACATCTTTAGACTCATCA,GRBGBY,ENDOGENOUS
BCL9,GCAACCCAGGAAACATGATGTTTTAAGCTGCTAAGATGGGATGTGCCGATCCTTGTCAAAATGAGATTCCAGGTCCTGAGAGCTGCTTTGAGGCAGTTCC,GRGBYR,ENDOGENOUS
RPS6KB1,TTACTTGGCAGAAATCTCCATGGCTTTGGGGCATTTACATCAAAAGGGGATCATCTACAGAGACCTGAAGCCGGAGAATATCATGCTTAATCACCAAGGT,BRYGYR,ENDOGENOUS
TIGD5,CCCCTGGGGTGGCCCACCGCATGGGTACAGGGGGTTCCAGGAATCCAAATCCAGCATGGCTTGGAGGAGCTCTGTTGGTGAGAGGTCGCCCTGCCTCACT,RGRGBY,ENDOGENOUS
DDHD2,TCACAACAGGAGCAGTTGTCCCAGTCAGATCCATCTCCGTCACCAAACTCATGTAGTTCCTTTGAGCTAATAGACATGGATGCTGGCAGCTTGTATGAAC,RGYRBG,ENDOGENOUS
RRNAD1,GTCAGGCCCAAGAAGCAGCATGAGATCCGGAGGCTGGGAGAGTTGGTGAAGAAGCTGAGTGATTTCACAGGCTGCACCCAGGTTGTAGACGTGGGCTCAG,BYGRGY,ENDOGENOUS
GOLPH3L,TCCTGAGGAAGCTGATGTGTTATTCCTTCTCTGCATCGAAGGATCAGGAAGTTTGTGCTCTCTGCGTGGCTAAGTTTTTCACCTACTAGGACGGGGGTGG,YRGYBG,ENDOGENOUS
CDK12,GATGGAAAGGAGTCCAAGGGTTCACCTGTATTTTTGCCTAGAAAAGAGAACAGTTCAGTAGAGGCTAAGGATTCAGGTTTGGAGTCTAAAAAGTTACCCA,GRBRYG,ENDOGENOUS
CASC1,TCTTTGAAGACAATGTGGTGGATTTATGCCAGTTCACAACTCTGGGTGGAGTATACCACTTGGATATTTTGGAGCTTCCTCCACAGTGTAAACCAGTGAA,GBGRGY,ENDOGENOUS
CDCA8,TCCCTGTTTACTGAAGACCAAATACTGGTTTGGAGACAACTTCCATGTCTTGCTCTTCTACCTCCCTAGTTAGTGGAAATTTGGATAAGGGAACTGTAGG,GYRGRG,ENDOGENOUS
TRAPPC9,ACACAAAATGAAAAGCTTGCTGGGTCAGAACGTGTCAACCAAAAGTCCTTTCATCTATTCACCAATTATCGCACACAACCGTGGAGAAGAGCGGAACAAG,YRYRYB,ENDOGENOUS
GSTM2,CACAACCTGTGCGGGGAATCAGAAAAGGAGCAGATTCGCGAAGACATTTTGGAGAACCAGTTTATGGACAGCCGTATGCAGCTGGCCAAACTCTGCTATG,RYRYRG,ENDOGENOUS
C1orf106,TTTTCTAATGTGCTCTGTGATGCACACACCAAGTGGTAGGTCAAAGGTCAGTATATCCCGGTGGTGTATTGTCTTGCTAGACCCTGCTATTTTCCTGACC,GRGYRB,ENDOGENOUS
MAF1,ATCCCTTCGGGGAGGATGGTAGCCTCTGGTCCTTCAACTACTTCTTCTACAACAAGCGGCTCAAGCGAATCGTCTTCTTTAGCTGCCGTTCCATCAGTGG,GYBYGY,ENDOGENOUS
PTK2,ATCCTGTCTCCAGTCTACAGATTTGATAAGGAATGCTTCAAGTGTGCTCTTGGTTCAAGCTGGATTATTTCAGTGGAACTGGCAATCGGCCCAGAAGAAG,YGYBRG,ENDOGENOUS
SNX27,TCAAAGAGGACAGCCTTTCCTCCCTCACCTTCTCCAAATCTAGGTGAAATCACAGAGTACAAAACGTGAGAATGCTGAATGTGTAAAGTTGCAGAGGGAT,BYGRBR,ENDOGENOUS
ZNF703,GGCAGCCCCGGGTCGCTGTCCTTGCGGAATCCACACACTTTGGGCCTAAGCCGGTACCACCCCTATGGCAAGAGCCACTTATCCACAGCGGGGGGCCTGG,YBRGRG,ENDOGENOUS
CCDC24,CAGCTCCCGCCCCATCTCTGACCCCTCTTCTCTTCTGGCACCACCGCCTCTCCTAAAGGACCTCTTGCGCCAGGAGCTCC,YRYRGY,ENDOGENOUS
MFSD3,ACGCTGGCACAATCTTGAGAGGGTCAGCCTTGCTGAGCCTATGTCTGCAGCACTTCTTGGGAGGCCTGGTCACCACAGTCACCTTCACTGGGATGATGCG,YRBYRY,ENDOGENOUS
CENPN,TGAACTGACAACAATCCTGAAGGCCTGGGATTTTTTGTCTGAAAATCAACTGCAGACTGTAAATTTCCGACAGAGAAAGGAATCTGTAGTTCAGCACTTG,GRBYBG,ENDOGENOUS
SF3B4,CGGGACCCTGACACAGGCAACTCCAAAGGTTATGCCTTTATTAATTTTGCTTCATTTGATGCTTCGGATGCAGCAATTGAAGCCATGAATGGGCAGTACC,RYGBGR,ENDOGENOUS
ROGDI,CTGGCTCAACGACGCCCTGGTCTACTTCACCGTCTCCCTGCAGCTCTGCCAGCAGCTCAAGGACAAGATCTCCGTGTTCTCCAGCTACTGGAGCTACAGA,RYGBYG,ENDOGENOUS
VPS72,TGCGCCAGAAAATTGTCATTAAATGAAGAGATGTCTAGTCCTCAGAAACTTCTTTCCTGCCCTGATTGGGGCTCTTGCTGTTCCGTTTCTTCTCCCTGCT,RBGYRY,ENDOGENOUS
TBCE,ATAATGAGTGACACTTTGACAGCGGATGTCATTGGTCGAAGAGTTGAAGTTAATGGAGAACATGCAACAGTACGTTTTGCTGGTGTTGTCCCTCCCGTGG,RBGYBG,ENDOGENOUS
CERS2,GACCGAGATGGACGTGTCTACGCCAAAGCCTCAGATCTCTATATCACGCTGCCCCTGGCCTTGCTCTTCCTCATCGTTCGATACTTCTTTGAGCTGTACG,YGYBYG,ENDOGENOUS
EPN3,ACCCTCGTTCTCAGCTCTCACCAAGTGGACTTTTTGCGGGGTGTGGCGGCCGGGTCTCGACCACAGCGTGGATCACCGGCTGTTTAGGAAACTGCAGCTG,GBYBYG,ENDOGENOUS
PSMD4,GTTTGGCTGATGCTCTCATCAGTTCTCCGATTTTGGCTGGTGAAGGTGGTGCCATGCTGGGTCTTGGTGCCAGTGACTTTGAATTTGGAGTAGATCCCAG,YGYGRY,ENDOGENOUS
PRUNE,ACAGCTCTGTTCCATGTAAGTTGCCAACAGTTTCACTGAACAGTGGGGTATGTGATGGTTTTGGCATGACATCTTCAGTATGAGGGGGACAGTTTGACTT,BGYGRG,ENDOGENOUS
APOA1BP,CCCCAAAAAATCTGCAACCCAGTTTACCGGTCGCTACCATTACCTGGGGGGTCGTTTTGTGCCACCTGCTCTGGAGAAGAAGTACCAGCTGAACCTGCCA,BYBRGR,ENDOGENOUS
PVT1,GATGGCTGTGCCTGTCAGCTGCATGGAGCTTCGTTCAAGTATTTTCTGAGCCTGATGGATTTACAGTGATCTTCAGTGGTCTGGGGAATAACGCTGGTGG,GYGRBY,ENDOGENOUS
RUNDC1,AGACAAGCTCCTTGTTCAGTAGGGATAGATGTGCTAGTCTTCTAGCATAGGAGCAAGGAATCAGAGGTGGGGTTAAAGGCATTTTTCCCAGACCCTGCTC,RGYRYB,ENDOGENOUS
TIMELESS,AGAACTGTTACAACCGGCTCATGGGATCAGTAAAGGATCACCTGCTTCGGGAGAAAGCTCAGCAGCATGATGAGACCTATTATATGTGGGCCTTGGCTTT,YRYRBY,ENDOGENOUS
PLK1,GCTTGGCTGCCAGTACCTGCACCGAAACCGAGTTATTCATCGAGACCTCAAGCTGGGCAACCTTTTCCTGAATGAAGATCTGGAGGTGAAAATAGGGGAT,YBYBGY,ENDOGENOUS
CHTOP,ACAGTCAGCGCCGAAAGTTGTGCTAAAAAGCACCACCAAGATGTCTCTAAATGAGCGCTTTACTAATATGCTGAAGAACAAACAGCCGACGCCAGTGAAT,GBGBYG,ENDOGENOUS
ANGEL2,AGGTGATATTAAGCTGACGCAATTGGCAATGCTACTGGCAGAGATTTCCAGTGTTGCCCACCAGAAAGATGGCAGCTTCTGCCCTATTGTTATGTGTGGT,RGRBYB,ENDOGENOUS
RND2,TGGGACTGTTCATCCTAGTTAATGAAGTGGGCAATTCTCAGGCCATTAGGGGGTTTTAGAGCAGACCGACATATAATTAGTCAGCATTTCTCAGCCCAGC,GBRBGR,ENDOGENOUS
CLNS1A,ACATCGCTGAGAGCCGCCTGTCTTGGTTAGATGGCTCTGGATTAGGATTCTCACTGGAATACCCCACCATTAGTTTACATGCATTATCCAGGGACCGAAG,RGYRYR,ENDOGENOUS
CDCA7,GACGGTGTGCGACTGGGGTCCTTGTGTATTTAGCCAAATATCATGGCTTTGGGAATGTGCATGCCTACTTGAAAAGCCTGAAACAGGAATTTGAAATGCA,BRYBGB,ENDOGENOUS
CDCA3,TCCGGCTCCGGGACCCTTAGAGTCCATTCGCGTGCCTTCTATTGAAGAGCAGGAACTGACGGTTGTTTTAGGCCTCTCAATTCCAGAAAGTTTCCTGGGG,YGRYRY,ENDOGENOUS
PSMB4,CAGGACAGTTTTACCGCATTCCGTCCACTCCCGATTCCTTCATGGATCCGGCGTCTGCACTTTACAGAGGTCCAATCACGCGGACCCAGAACCCCATGGT,GYRBRG,ENDOGENOUS
USP35,AGGGTACACAGAGATTCTCTCAGATATGGAAGTAAGACCTAAGTCCCTTTCATTGGGGATCAGTCCCATTAAAACTTTACACCCAAGTGTCCTGGTTAAC,YRGRYR,ENDOGENOUS
NME1,CTTGTGGTTTCACCCTGAGGAACTGGTAGATTACACGAGCTGTGCTCAGAACTGGATCTATGAATGACAGGAGGGCAGACCACATTGCTTTTCACATCCA,GBGBRB,ENDOGENOUS
C8orf76,GACACTTTGCTGTTGATAGCTGAGGTTATGGGAGAAGATATCCCAGAAAAAATAAAAGATGAAGTTCACCCAGAGGTGAAGTGTGTTGGCTCCGTAGCCC,YBGBGB,ENDOGENOUS
EXOSC4,TACAGGCAGATGGTGGGACCTATGCAGCTTGTGTGAATGCAGCCACGCTGGCAGTGCTGGATGCCGGGATACCCATGAGAGACTTTGTGTGTGCGTGCTC,YGYGBG,ENDOGENOUS
DNALI1,GGTAAGCTGGAGGACTTCATCCTTCAGTTAGGCTGCACAAGTAACATTACCTAAAAGGCACTAACATGCTCAGGTTCCCCAGAAAGAGGCGTAAGAAGGG,GRGYRG,ENDOGENOUS
RERG,GCTTTGTGCTGGTCTACGACATTACTGACCGAGGAAGTTTTGAGGAAGTGCTGCCACTTAAGAACATCCTAGATGAGATCAAAAAGCCCAAGAATGTGAC,GBGRYG,ENDOGENOUS
CEP55,GTACTACCGCATTGCTTGAACAGCTGGAAGAGACAACGAGAGAAGGAGAAAGGAGGGAGCAGGTGTTGAAAGCCTTATCTGAAGAGAAAGACGTATTGAA,YGYRBY,ENDOGENOUS
PROSC,TTGGCGAGAACTACGTTCAGGAACTGCTAGAAAAAGCATCAAATCCCAAAATTCTGTCTTTGTGTCCTGAGATCAAATGGCACTTCATTGGCCACCTACA,BYGYBG,ENDOGENOUS
S100A11,GATGAAGAAACTGGACACCAACAGTGATGGTCAGCTAGATTTCTCAGAATTTCTTAATCTGATTGGTGGCCTAGCTATGGCTTGCCATGACTCCTTCCTC,BRBGYB,ENDOGENOUS
FAM83H,GTGGGGGGATTACAGGCGTGAGCCTTGCACCCCGCTAAGTCCCCTATCCTCTTGCAAGGGTCTCGCCTCTGTGCCTCAATTCCTCATTCTCTGGGCCCTT,BYGBGR,ENDOGENOUS
PMF1,GGCTACCTCTGAGAACGGCTGAAATGGTGCCCAGTCCATCAGCAGTGATGGAATTTGCTGGAGGACTAGGCCAGAGCAAGCCTCACTGCCACTGTGCCTT,YGBRGR,ENDOGENOUS
GAMT,GCCATCGCAGCGTCAAAGGTGCAGGAGGCGCCCATTGATGAGCATTGGATCATCGAGTGCAATGACGGCGTCTTCCAGCGGCTCCGGGACTGGGCCCCAC,RBRBRY,ENDOGENOUS
POGK,TAATGATAGGGCAGGATTTCGTATGCAAGCTCTTGTTTCTCAGGCTGCCTGCAGAAGAAGTCGCTATAAATTATCTGTTGTCTACATGGTACAAGGCCCA,RGRBRB,ENDOGENOUS
ZNF250,AAGCAGCCTTCAGCCCAAGAGAAGTCTCTGTTAACTCTATAGGAAGCTTTTCTTTGGCGATTCAGTGTCACAAAATAACTCCAGAAAGAAGCACTTAGCG,YGRGRB,ENDOGENOUS
PPP1R16A,GCTCCTGAAGCAGGTCCTCTTCCCTCCCAGTGTTGTCCTTCTGGAGGCCGCTGCCCGAAATGACCTGGAAGAAGTCCGCCAGTTCCTTGGGAGTGGGGTC,RBGYRB,ENDOGENOUS
ADCK5,GCTGAGCAGATATTTTACACCGGCTTCATCCACTCGGACCCACATCCTGGCAACGTTCTGGTGCGGAAAGGCCCGGACGGGAAAGCGGAGCTGGTGCTGC,RBGBRB,ENDOGENOUS
AQP11,TCTGCTCCTTTCTCTTCCACAGCGCTCTGCTGCACTTCCAGGAAGTCCGAACCAAGCTTCGTATCCACCTGCTGGCTGCACTCATCACCTTTTTGGTCTA,BGBGYB,ENDOGENOUS
BOP1,ACCGGCAGCGATTCTGGCGTCTCCGACAGCGAGGAGAGTGTGTTCTCAGGCCTGGAAGATTCCGGCAGTGACAGCAGTGAGGATGATGACGAAGGCGACG,BYBRGB,ENDOGENOUS
GNPTG,TCACCCGTGTCTGGACCCGTGCATCTCTTCCGACTCTCGGGCAAGTGCTTCAGCCTGGTGGAGTCCACGTACAAGTATGAGTTCTGCCCGTTCCACAACG,BGBGYR,ENDOGENOUS
FOXA1,TGATACATTCTCAAGAGTTGCTTGACCGAAAGTTACAAGGACCCCAACCCCTTTGTCCTCTCTACCCACAGATGGCCCTGGGAATCAATTCCTCAGGAAT,RGYRBR,ENDOGENOUS
EIF4EBP1,CTGCGCAATAGCCCAGAAGATAAGCGGGCGGGCGGTGAAGAGTCACAGTTTGAGATGGACATTTAAAGCACCAGCCATCGTGTGGAGCACTACCAAGGGG,BGRBGY,ENDOGENOUS
PAK1,TGAACCACTTCCTGTCACTCCAACTCGGGACGTGGCTACATCTCCCATTTCACCTACTGAAAATAACACCACTCCACCAGATGCTTTGACCCGGAATACT,GYRBGB,ENDOGENOUS
RRS1,ACTAAATGTTAAGTTCTAGGCAATTATACGGGGACTCAGAAGGACCTGGCCGCTGCCTTCATTGAGTTTAAAGGGACAGGATTGCCCTTCCGTCAAGAAA,YRGYGY,ENDOGENOUS
UCK2,CAGTACATTACGTTCGTCAAGCCTGCCTTTGAGGAATTCTGCTTGCCAACAAAGAAGTATGCTGATGTGATCATCCCTAGAGGTGCAGATAATCTGGTGG,BYRBRY,ENDOGENOUS
DEGS2,CGCAACCGCTGGCTGGCCGTGTTCGCCAACCTGCCCGTGGGTGTGCCCTACGCCGCCTCCTTCAAGAAGTACCACGTGGACCACCACCGCTACCTGGGCG,BGRBYR,ENDOGENOUS
GPAA1,TATTGGGCCAAAGATATCGTCTTCCTGGTAACAGAACATGACCTTCTGGGCACTGAGGCTTGGCTTGAAGCCTACCACGATGTCAATGTCACTGGCATGC,BYGRYG,ENDOGENOUS
OTUD6B,ACAAGAAGAGGAGGAAGCAACTCACCGAAGATGTGGCCAAGTTGGAAAAAGAAATGGAACAGAAACATAGAGAGGAACTGGAGCAATTGAAGCTGACTAC,GYGYRG,ENDOGENOUS
MRPL9,CAGAAGAGCCTATCACACGGTGGGGCGAGTATTGGTGTGAGGTGACGGTAAATGGGCTTGATACTGTGAGAGTGCCTATGTCTGTCGTGAACTTTGAGAA,YBRYRY,ENDOGENOUS
FAM173A,GCGGCAGGTGGAGCACGTGTTGTCGCTGCTGCGAGGACGCCCCGGAAAAACGGTGGATCTGGGCTCTGGCGACGGCAGGATCGTGCTGGCGGCCCACAGG,RBGRGY,ENDOGENOUS
UTP23,GAAAGAAAGTATCAAACATCTCAAAGAGGAACAGGGTTTAGTGAAAAACACTGAACAGAGTAGAAGAAAAAAGCGCAAGAAAATAAGTGGTCCCAATCCT,BGBRYG,ENDOGENOUS
AFF3,GGCTAAATGAGGCCATTACCTAGATTGTCCCTTCAGTAGGAGCCTGAATCCTTCGCTTACCAGGCTGAGAGCTATTTGCCATGATAATGCTGATTCTCTC,BYRYRG,ENDOGENOUS
COG2,GCCCTCAACCAGCTTTCTGTGCCTTTGGGACAATTACGAGAAGAGGTTCTGAGCCTTAGATCGTCTGTCAGTGAAGGAATTCGGGCAGTTGATGAACGAA,BGYBYB,ENDOGENOUS
FAM91A1,GTGCAGGCTGGCTATATCACAGAAGATGACATCAAGATATGCACTTTGCCTGAGAAATGCGCTGTTGATAAGATCATCGATTCAGGCCCTCAACTCTCTG,RBYGYR,ENDOGENOUS
TARS2,GTACAACAGATCAGCTGGAAGCAGAGATCCAAAGCTGTCTTGATTTCCTCCGTTCCGTCTATGCCGTTCTTGGCTTCTCCTTCCGCCTGGCACTGTCCAC,GYGRBR,ENDOGENOUS
PUF60,ACCTCTCTGCGTGACAGTGGTCCCTCTCCCCGGACTTGCACTTGTTCCTTGTTTCCTCTGGGTTTTATAGTGATACAGTGGTGTCCCCGGGGCCAGGCGC,GYRGRY,ENDOGENOUS
SCUBE2,CGTAAAGCCATCCGCACGCTCAGAAAGGCCGTCCACAGGGAGCAGTTTCACCTCCAGCTCTCAGGCATGAACCTCGACGTGGCTAAAAAGCCTCCCAGAA,YBRYBY,ENDOGENOUS
DAP3,CACAGATGCAGTTGGAATTGTGCTGAAAGAGCTAAAGAGGCAAAGTTCTTTGGGTATGTTTCACCTCCTAGTGGCCGTGGATGGAATCAATGCTCTTTGG,GBGYBR,ENDOGENOUS
ZNF707,TCAGAGCCTGGGTCATGCACCTGGAGTTGGGAGATCAAGTTGGGTCTCAGGGCAGTGAGGTGGCCATATCCACCACATCGCATTTCGTGGGGGAAGAGGT,GRYGYB,ENDOGENOUS
LAD1,ACAGCAGCACCCTTTCCTCTCATTGTCCCTGTTCCCTTTTTGCCTGTGGATCTGTTTGGCCAGGGTCCCTGGGGTCAGGAATATTTGCAAGACTCAGCCA,BYGYBY,ENDOGENOUS
PRR11,CACAGAGTTTAGATGAAAAGAGGAAGCTTATACCATCGCCGAAAGCACGGAATCCACTAGTTACCGTCTCTGACTTGCAGCATGTTACCCTGAAACCTAA,BGRBRG,ENDOGENOUS
GLI4,GCGGCCAGTGCGGCCGCGCCTTCAGCCACAGCTCGCACTTCACGCAGCACCTGCGCATCCACAACGGCGAGAAGCCCTACAAGTGCGGCGAGTGCGGCCA,BRGBYB,ENDOGENOUS
EPRS,TTGGGAAATTTGTTGAGCTTCCAGGTGCGGAGATGGGAAAGGTTACCGTCAGATTTCCTCCAGAGGCCAGTGGTTACTTACACATTGGGCATGCAAAAGC,BRYGBR,ENDOGENOUS
ARHGAP39,CTGCCGGAGTCGAGGATTCCAGGGTCGAACACTCGGTTGGAGTGGGTGGAGATCATCGAACCGCGCACCCGCGAGCGCATGTACGCCAACCTGGTCACCG,RBGRGB,ENDOGENOUS
TLCD1,GGCCATGGGTGCCTTCTTCTCCGGCATCTTTTGGAGCAGCTTTGTCGGTGGGGGTGTCTTAACACTACTGGTGGAAGTCAGCAACATCTTCCTCACCATT,BGYGBY,ENDOGENOUS
CCNA2,CGGGACAAAGCTGGCCTGAATCATTAATACGAAAGACTGGATATACCCTGGAAAGTCTTAAGCCTTGTCTCATGGACCTTCACCAGACCTACCTCAAAGC,BYRGBY,ENDOGENOUS
HEATR1,GAGGGTGCTCTTGGCTTTCTATGCTTCTACCATAGTGTCGGCGCTGGTAGCTGCAGAGGACGTATCAGACAATATCATCGCCAAACTATTTCCCTATATC,RYGYBG,ENDOGENOUS
MLST8,GGCTATCCACATCTGGGACTTGAAAACAGACCACAACGAGCAGCTGATCCCTGAGCCCGAGGTCTCCATCACGTCCGCCCACATCGATCCCGACGCCAGC,BRGBYG,ENDOGENOUS
C1orf35,GGGATGGCCCCTGGCTTGGCCTGCGAAGGTGAACCTGCCCAGATTTATCAGTAGAGGCTGGACTCCCTCTGTGTCCTGCCCATGGTTGCAGCAGCCATGG,GYGYRY,ENDOGENOUS
VPS28,CCGCTGCATCGCAGACGTGGTCTCGCTCTTCATCACGGTCATGGACAAGCTGCGTCTGGAGATCCGCGCCATGGATGAGATCCAGCCCGACCTGCGAGAG,BYRGRY,ENDOGENOUS
HEATR6,CTTTTATTCCTGATACGCCTGAACTTGGCAGCCCACAGTCAGTGTCCTTGATGACTCTTACATTGAAAGACCCTTCTCCAAAGACACGTGCCTGTGCTCT,YBYBRG,ENDOGENOUS
RAB25,AAGATTATAACTTTGTCTTCAAGGTGGTGCTGATCGGCGAATCAGGTGTGGGGAAGACCAATCTACTCTCCCGATTCACGCGCAATGAGTTCAGCCACGA,GYGRYR,ENDOGENOUS
SCAMP3,GCTAGGAATTGTCATGCTGAAACGGATCCACTCCTTATACCGCCGCACAGGTGCCAGCTTTCAGAAGGCCCAGCAAGAATTTGCTGCTGGTGTCTTCTCC,BRYBRG,ENDOGENOUS
TMCO1,TCATTTACATAAGTATTTTCTGTGGGACCGACTCTCAAGGCACTGTGTATGCCCTGCAAGTTGGCTGTCTATGAGCATTTAGAGATTTAGAAGAAAAATT,YBRYGY,ENDOGENOUS
BOLA1,TCCATACATACTCTCCGAAGATAGCAACTTGCTTCAGGTCAAAGTGAACCCGAGAAAAGAGAAGAATCACTCACTACTGCTCTTGCCCTGGACTATTCAG,RGRYBG,ENDOGENOUS
SHARPIN,TCTCAGAGCTCGGTTTCCCGCCAGCCGTGCAACGCTGGGTCATCGGACGGTGCCTGTGTGTGCCTGAGCGCAGCCTTGCCTCTTACGGGGTTCGGCAGGA,RBRYGY,ENDOGENOUS
MLPH,GACAGGACAGAGAGACAGAGCAGCCCTGCACTGTTTTCCCTCCACCACAGCCATCCTGTCCCTCATTGGCTCTGTGCTTTCCACTATACACAGTCACCGT,RBYGYG,ENDOGENOUS
POLR3C,GCTGGGGAGCCCAAGGCCAAGAGACCAAAATATACTACAGATAACAAGGAGCCCATTCCAGATGATGGGATTTATTGGCAGGCCAACCTTGACAGATTCC,RGBYBR,ENDOGENOUS
TRIP13,AAGAGACAGAAAACATAATTGCAGCAAATCACTGGGTTCTACCTGCAGCTGAATTCCATGGGCTTTGGGACAGCTTGGTATACGATGTGGAAGTCAAATC,BGRBRB,ENDOGENOUS
NARS2,ATGCCAAGGATTTCCCCATCAAATATAAAGAGAGGCATCCTCTGGAGTATCTGCGACAATATCCTCACTTTAGGTGTAGGACTAACGTTCTGGGTTCTAT,BRGBGY,ENDOGENOUS
SNAP47,GAAGACGTGGACGACATCAAGGTCCACTCACCTTACGAAATTAGCATCCGCCAGCGGTTTATTGGAAAGCCAGACATGGCCTATCGTTTGATATCTGCCA,RYGRGY,ENDOGENOUS
SRPK1,GGGCCTTTTTGAGGTTCTAGTGGAGAAGTATGAGTGGTCGCAGGAAGAGGCAGCTGGCTTCACAGATTTCTTACTGCCCATGTTGGAGCTGATCCCTGAG,YBGRGR,ENDOGENOUS
PIGM,CATCCCAGAGAGCCATGGGTTTTCTAGACCAGAGAATTTAGAGGGAGATTGTGGAACTGAGGCTTAGGTGGTCAGATCGTTTCCCTTATCACTGTAATAT,BYRBGY,ENDOGENOUS
PPFIA1,GGAAAGAGATCTTCTGATGGTTCTTTAAGCCACGAGGAAGACCTTGCTAAAGTAATTGAGCTCCAAGAAATCATAAGTAAGCAGTCAAGGGAACAGAGCC,YGYBGB,ENDOGENOUS
ARV1,AGTGACCCTAAACATCAACCGTAAGCTCTCCTTCTTGGCCGTGTTGAGTGGCTTACTGCTGGAAAGCATCATGGTCTACTTCTTCCAGAGTATGGAATGG,BYBGBG,ENDOGENOUS
CENPA,CACTTTGAGCAGTTGCCTGGAAGGCTGGGCATTTCCATCATATAGACCTCTGCCCTTCAGAGTAGCCTCACCATTAGTGGCAGCATCATGTAACTGAGTG,RGBGBR,ENDOGENOUS
POLR3K,TGCTTGCCTTGTCCCTCGGGGTAGATGCTTAGCTGGCAGTATGAGTTGTGTGTCCTGAGGGTCTTTGCTAGTGTGGTGGAAAGATAAACCTTTTGAGGTG,YBGRYR,ENDOGENOUS
YWHAZ,CTTGGTGGCCATGTACTTGGAAAAAGGCCGCATGATCTTTCTGGCTCCACTCAGTGTCTAAGGCACCCTGCTTCCTTTGCTTGCATCCCACAGACTATTT,RBRBYB,ENDOGENOUS
CCNB2,AGGTTGATGTTGAACAGCACACTTTAGCCAAGTATTTGATGGAGCTGACTCTCATCGACTATGATATGGTGCATTATCATCCTTCTAAGGTAGCAGCAGC,YGRGYG,ENDOGENOUS
PRCC,CCATTAGCTGTGTGTAGTTGCCCGGGACTAGGAGCTTAAGTGAAGAGGTACGCCTTGTTCGGTGGAAATCAGCCGTAGCCATGAGTTTCTGCCGGGGCTA,YRGRBG,ENDOGENOUS
WWP1,TGCCGATGACACTGTTAATGGAGAATCATCCTCATTTGCACCAACTGATAATGCGTCTGTCACGGGTACTCCAGTAGTGTCTGAAGAAAATGCCTTGTCT,BYBRBG,ENDOGENOUS
C1orf131,CGGTTTGGTATCACGGGTTATGGAAAAGGAAAGGAGAGAATCCTGGAACAGGAACGTGCCATTATGCTGGGCGCTAAGCCTCCTAAAAAGAGTTATGTGA,GBYGBY,ENDOGENOUS
PGAP3,AGGAATAGAATGGAGGGAGCTCCAGAAACTTTCCATCCCAAAGGCAGTCTCCGTGGTTGAAGCAGACTGGATTTTTGCTCTGCCCCTGACCCCTTGTCCC,YBGBRG,ENDOGENOUS
PFKP,GTCAAACTCTCGGAGAACCGTGCCCGGAAAAAAAGGCTGAATATTATTATTGTGGCTGAAGGAGCAATTGATACCCAAAATAAACCCATCACCTCTGAGA,BRBGBY,ENDOGENOUS
FLYWCH2,TGCTCTGTGGCGCCCGGCAAGTCCCTGTAACCTTGACAACAGGCGCATCCTCCCAGGCCACCAACCCAGCCATAGGCTCTTCTCTGTCCGCAGGGCTTCT,BRYGBY,ENDOGENOUS
SMG8,ATGAGATCTGCGTTGTGGGAATCTTCGGCAAGACGGCTCTACGCCTGAATTCCGAGAAGTTCTCTCTTGTGAATACGGTGTGCGACCGACAGGTCTTTCC,GYBYGB,ENDOGENOUS
UBE2S,CGGCTGAGCTGGGCATCCGACACGTACTGCTGACCATCAAGTGCCTGCTGATCCACCCTAACCCCGAGTCTGCACTCAACGAGGAGGCGGGCCGCCTGCT,YRGRGB,ENDOGENOUS
KCTD21,CTCTCCTCTTCCAGCATGGAGGTCTTCAACGCCAACATCTTCAGCACCTCCTGCCTCTTCCTCAAGCTCCTTGGCTCTAAGCTCTTCTACTGCTCCAATG,RGYRBY,ENDOGENOUS
FAM20B,CACCCGTGTATTCTTTGACCAGTAAATGACCACACCTCAATGATGGTAAAACAGCATCATCAGTAAGCTATCTTATATGCCTCATCCTGTGAGTTTGAGC,BRBRGY,ENDOGENOUS
COPA,ATGGTGGTATGATTGTGTTTAAGCTGGAACGGGAACGGCCAGCCTATGCTGTTCATGGCAATATGCTACACTATGTCAAGGACCGATTCTTACGACAGCT,RBGBYB,ENDOGENOUS
FTSJ3,AGCCCATTTGACACTGATGGCTCTACGTTTGGCTTGTGACTTTTTGGCCCGTGGTGGCAGCTTCATCACAAAGGTTTTCCGTTCTCGTGACTATCAGCCT,YGYRGB,ENDOGENOUS
MRPS7,ATTCAAGGATCCCTTGATTGACAAGGAATATTATCGCAAGCCAGTGGAGGAGCTAACTGAGGAGGAGAAATATGTTCGGGAGCTCAAGAAGACTCAGCTC,RGYRGR,ENDOGENOUS
CYC1,CAGCTCCCGCTACGGACACCTCAGGCAGTGGCCTTGTCGTCGAAGTCTGGCCTTTCCCGAGGCCGGAAAGTGATGCTGTCAGCGCTGGGCATGCTGGCGG,YGBGBY,ENDOGENOUS
APH1B,CCTTCATTGCCTTCGGGCCTGCGCTCGCCCTTTATGTCTTCACCATCGCCACCGAGCCGTTGCGTATCATCTTCCTCATCGCCGGAGCTTTCTTCTGGTT,RYRBYB,ENDOGENOUS
SQLE,TAAGCTTAAAGGGGAACCATTTGTGAATGAATATTTGGAACTTACCAAGTCCTAAGAGACTTTTGGAAGAGGATATATATAGCATAGTACCATACCACTT,RGBGYG,ENDOGENOUS
FBXO28,AGCTCTTCTCCAAGCAAAATCCTTCAAGACAAGAGGTTACCAAACTCCAGCAGCAGGTTAAAACAAATGGTGCTGGCGTGACTGTTCTCAGGCGTGAAAT,BRYBYB,ENDOGENOUS
ATAD2,TGAAGCTAAGAGAACAGCACCAAGTATAGTGTATGTTCCTCATATCCACGTGTGGTGGGAAATAGTTGGACCGACACTTAAAGCCACATTTACCACATTA,BGBGRG,ENDOGENOUS
TCEB1,AAGGTTCGCTACACTAACAGCTCCACCGAGATTCCTGAATTCCCAATTGCACCTGAAATTGCACTGGAACTGCTGATGGCTGCGAACTTCTTAGATTGTT,RBYBRG,ENDOGENOUS
PDSS1,AGCGCGCCATAGCCTTAATTGCAGAAATGATCCACACTGCTAGTCTGGTTCACGATGACGTTATTGACGATGCAAGTTCTCGAAGAGGAAAACACACAGT,GBGRBR,ENDOGENOUS
CYBRD1,CTGGGAGACAATGATTTCACAACTAGCGGGAAGCAGTCCTAAAAGTTTAAAATCCGATAAGGAATATCTGGGACAGGGTTTAGATCATGACTCTACACAG,GRGBGR,ENDOGENOUS
UFC1,GTGGAGAACAACAAGAATGCTGACAACGATTGGTTCCGACTGGAGTCCAACAAGGAAGGAACTCGGTGGTTTGGAAAATGCTGGTATATCCATGACCTCC,YBYRYG,ENDOGENOUS
ZNF34,TTCAGTGATGGCTCAATCCTTATCCGACATCGTCGGACTCACACCGGAGAGAAGCCATTTGAGTGCAAGGAATGTGGCAAAGGCTTTACACAAAGTTCTA,GRBGYG,ENDOGENOUS
ZMYND10,GCGCTGCTCACGATGCCAGAATGAGTGGTATTGCTGCAGGGAGTGCCAAGTCAAGCACTGGGAAAAGCATGGAAAGACTTGTGTCCTGGCAGCCCAGGGT,YGBYGY,ENDOGENOUS
KCTD3,ACTCAGCCAGGTTCTACTCCTTTAGCGTCATTCAAGATACTATCCCTGGAGGAGACAGAAAGTCATGGTAGCTATTCCTCTGGAAATGACATAGGACCTT,GBGRBY,ENDOGENOUS
ZNF7,TGCCCTGGAAGGGTCCACCTTTGTGAGCCGTAAAAAGGTTAATACTATAAAGAAACTGCATCAGTGTGAAGACTGTGAGAAGATATTTAGGTGGCGTTCA,RGYBGB,ENDOGENOUS
ICT1,CGGAATCTGGCAGATTGCCTGCAGAAAATTCGAGACATGATCACTGAGGCCAGCCAGACACCGAAGGAGCCAACAAAAGAAGATGTTAAACTTCATAGAA,YBRBYR,ENDOGENOUS
JTB,AGCTTGACGGTGAATCCTCGGGTTTTAAGGAGAGAGCAAAGTCCTGAGAGGGCGACGTATTGTCCCTGCTCACCTAGCCCAGAATGAACAAACACGCGCC,YRBGRY,ENDOGENOUS
DERL1,GAGTAGTTGGGTTGCTTTGTGTTAGGAGGATCCAGATCATGTTGGCTACAGGGAGATGCTCTCTTTGAGAGGCTCCTGGGCATTGATTCCATTTCAATCT,RGYBYR,ENDOGENOUS
MELK,TATGAGAGGAAAATATGATGTTCCCAAGTGGCTCTCTCCCAGTAGCATTCTGCTTCTTCAACAAATGCTGCAGGTGGACCCAAAGAAACGGATTTCTATG,YGYGYB,ENDOGENOUS
LSM1,GAAGCAGAGAAGTTGAAAGTGCAGGCCCTGAAGGACCGAGGTCTTTCCATTCCTCGAGCAGATACTCTTGATGAGTACTAATCTTTTGCCCAGAGGCTGT,GRYGBG,ENDOGENOUS
FAHD1,CATAACCTTGGAAGAAGGAGATATTATCTTGACTGGGACGCCAAAGGGAGTTGGACCGGTTAAAGAAAACGATGAGATCGAGGCTGGCATACACGGGCTG,GYBRGR,ENDOGENOUS
BCL2,AGTTCGGTGGGGTCATGTGTGTGGAGAGCGTCAACCGGGAGATGTCGCCCCTGGTGGACAACATCGCCCTGTGGATGACTGAGTACCTGAACCGGCACCT,RGBRGY,ENDOGENOUS
COMMD5,GTGGGGGCTGCAACTCCATACCTGCATCATCCTGGTGATAGTCACAGTGGCCGAGTGAGTTTCTTGGGGGCCCAGCTTCCTCCAGAGGTGGCAGCAATGG,YBRBRB,ENDOGENOUS
UBE2C,CTTTTAAGAAGTACCTGCAAGAAACCTACTCAAAGCAGGTCACCAGCCAGGAGCCCTGACCCAGGCTGCCCAGCCTGTCCTTGTGTCGTCTTTTTAATTT,BGRBGR,ENDOGENOUS
PTRH2,AAGCTCCTGATGAAGAAACCCTGATTGCATTATTGGCCCATGCAAAAATGCTGGGACTGACTGTAAGTTTAATTCAAGATGCTGGACGTACTCAGATTGC,GYBYGR,ENDOGENOUS
DEDD,TACCTCGATGCATTCTGGCGTGACTACATCAATGGCTCTTTATTAGAGGCACTTAAAGGTGTCTTCATCACAGACTCCCTCAAGCAAGCTGTGGGCCATG,RGYBGY,ENDOGENOUS
TMEM132A,GTACGCCCTGCTGGGAGTCTTCTGCGTGGCCATCTTCATCTTCTTGGTCAATGGTGTGGTCTTCGTCCTGCGCTATCAGCGCAAAGAACCTCCCGACAGT,RGBRBR,ENDOGENOUS
FOXM1,CAATTCGCCATCAACAGCACTGAGAGGAAGCGCATGACTTTGAAAGACATCTATACGTGGATTGAGGACCACTTTCCCTACTTTAAGCACATTGCCAAGC,BRGYBG,ENDOGENOUS
USP21,GCACCCTGACTCCTGCGAAGCTGTGAATCCTACTCGATTCCGAGCTGTCTTCCAGAAATATGTTCCCTCCTTCTCTGGATACAGCCAGCAGGATGCCCAA,RGRYBY,ENDOGENOUS
BIRC5,CCATTCTAAGTCATTGGGGAAACGGGGTGAACTTCAGGTGGATGAGGAGACAGAATAGAGTGATAGGAAGCGTCTGGCAGATACTCCTTTTGCCACTGCT,YRGYRB,ENDOGENOUS
FBXL6,GTCAAGGCGGAGAAGAAGCTCCTTGCTTCCCTGGAGTGGCTTATGCCCAATCGGTTTTCACAGCTCCAGAGGCTGACCCTCATCCACTGGAAGTCTCAGG,RGBYGY,ENDOGENOUS
LRRC48,GAAGCACTTGTCGAGTTTAAGTGCCATTCGAGAGGAGTTGGAACTGCCCAACATTGAGAAGATGATCCTAGAATGCAGTGCTGACATCAGTGAGTTGTTC,GBRGYR,ENDOGENOUS
PSMD12,CAGCCTCCATTTTACAGGAGTTACAGGTGGAAACCTACGGGTCAATGGAAAAGAAAGAGCGAGTGGAATTTATTTTGGAGCAAATGAGGCTCTGCCTAGC,RBRGYR,ENDOGENOUS
GRINA,TGCATCTTCATCCGGAACCGCATCCTGGAGATCGTGTACGCCTCACTGGGCGCTCTGCTCTTCACCTGCTTCCTCGCAGTGGACACCCAGCTGCTGCTGG,RGYBGR,ENDOGENOUS
CYB561,TCCGCTGCTATAGACCAGTTCATTGTGTGTGGCTCCCGTGTCTCTGTTGCCCCCTTCAGTGCAGAAGGCTTTGGGTAGGACTTCGGGTGTTCGGTCCTGG,RBYBYG,ENDOGENOUS
FAM134B,TTGACCAGTCAGAGCTGGATCAAATTGAGAGTGAATTGGGACTTACACAAGACCAGGAAGCAGAAGCACAGCAAAATAAGAAGTCTTCAGGTTTCCTTTC,BYGBRG,ENDOGENOUS
GRB7,GCCGATCTGGCCTCTATTACTCCACCAAGGGCACCTCTAAGGATCCGAGGCACCTGCAGTACGTGGCAGATGTGAACGAGTCCAACGTGTACGTGGTGAC,YBRGBR,ENDOGENOUS
GATA3,GTGCATGACTCACTGGAGGACTTCCCCAAGAACAGCTCGTTTAACCCGGCCGCCCTCTCCAGACACATGTCCTCCCTGAGCCACATCTCGCCCTTCAGCC,BRYGRY,ENDOGENOUS
MCM10,AATAACTTCTTGACGCGGGAAAATGGCGAGCCCGACGCATTTGATGAGCTCTTTGATGCCGACGGCGACGGTGAATCTTATACAGAAGAGGCTGATGATG,YBRGYB,ENDOGENOUS
